City_ID,City,Country,Lat,Lng,Max Temp,Humidity,Cloudiness,Wind Speed,Current Description
0,Birao,CF,10.2849,22.7882,96.87,26,91,2.04,overcast clouds
1,Coquimbo,CL,-29.9533,-71.3436,61.11,64,64,3.67,broken clouds
2,Avarua,CK,-21.2078,-159.775,73.45,94,75,2.3,broken clouds
3,Petropavlovsk-Kamchatskiy,RU,53.0452,158.6483,37.99,100,100,6.71,light intensity shower rain
4,Hobart,AU,-42.8794,147.3294,49.26,80,8,6.91,clear sky
5,Ushuaia,AR,-54.8,-68.3,51.42,76,20,2.3,few clouds
6,Bethel,US,41.3712,-73.414,58.05,89,100,6.91,overcast clouds
7,Santa Maria Do Suacui,BR,-18.1903,-42.4142,74.19,22,100,9.64,overcast clouds
8,Ponta Do Sol,PT,32.6667,-17.1,72.12,82,95,2.62,light rain
9,Paamiut,GL,61.994,-49.6678,34.95,86,56,3.38,broken clouds
10,Tuktoyaktuk,CA,69.4541,-133.0374,30.2,100,100,3.44,light snow
11,Kodiak,US,57.79,-152.4072,47.71,57,0,3.44,clear sky
12,Vila Velha,BR,-20.3297,-40.2925,76.95,33,0,10.36,clear sky
13,Punta Arenas,CL,-53.15,-70.9167,42.82,100,76,5.37,broken clouds
14,Ayan,RU,56.45,138.1667,32.31,90,9,6.62,clear sky
15,Atuona,PF,-9.8,-139.0333,77.27,64,37,10.02,scattered clouds
16,Albany,US,42.6001,-73.9662,56.17,93,100,9.19,overcast clouds
17,Nikolskoye,RU,59.7035,30.7861,51.8,40,51,7.02,broken clouds
18,Sooke,CA,48.3746,-123.7276,53.1,78,34,25.32,scattered clouds
19,Provideniya,RU,64.3833,-173.3,36.88,91,100,4.16,overcast clouds
20,Biak,ID,-0.9131,122.8766,76.98,85,67,5.99,broken clouds
21,Puerto Colombia,CO,10.9878,-74.9547,87.89,69,100,4.36,overcast clouds
22,Hambantota,LK,6.1241,81.1185,79.97,81,13,12.44,few clouds
23,Vyborg,RU,60.7076,28.7528,54.73,35,11,7.54,few clouds
24,Rikitea,PF,-23.1203,-134.9692,76.86,78,100,13.94,light rain
25,Dimbokro,CI,6.6451,-4.7048,89.56,55,100,5.48,overcast clouds
26,Bonavista,CA,48.6499,-53.1147,44.91,85,54,7.29,broken clouds
27,Dikson,RU,73.5069,80.5464,30.42,83,100,13.22,overcast clouds
28,Northam,GB,51.0333,-4.2167,60.62,66,97,9.1,overcast clouds
29,Port Alfred,ZA,-33.5906,26.891,61.18,93,92,5.01,overcast clouds
30,Truro,GB,50.2653,-5.0544,60.08,72,20,14.97,few clouds
31,Lebu,CL,-37.6167,-73.65,56.12,87,100,20.07,overcast clouds
32,Bredasdorp,ZA,-34.5322,20.0403,57.51,51,97,10.2,overcast clouds
33,Yar-Sale,RU,66.8333,70.8333,34.23,98,100,17.87,overcast clouds
34,Mazamari,PE,-11.3258,-74.5308,72.75,67,100,1.68,overcast clouds
35,Avdiyivka,UA,48.1399,37.7426,54.09,75,100,10.67,overcast clouds
36,Hermanus,ZA,-34.4187,19.2345,53.8,55,96,12.71,overcast clouds
37,Tshikapa,CD,-6.4167,20.8,83.3,55,91,3.6,overcast clouds
38,Cayenne,GF,4.9333,-52.3333,84.24,1,75,3.44,broken clouds
39,Kabalo,CD,-6.05,26.9167,81.5,53,92,3.42,overcast clouds
40,Flin Flon,CA,54.7682,-101.865,42.64,45,75,10.36,broken clouds
41,Susangerd,IR,31.5608,48.1831,99.25,9,3,10.96,clear sky
42,Santa Maria,BR,-29.6842,-53.8069,56.5,72,100,4.61,overcast clouds
43,Yellowknife,CA,62.456,-114.3525,37.92,52,75,11.5,broken clouds
44,Hilo,US,19.7297,-155.09,88.29,88,100,5.75,overcast clouds
45,Castro,BR,-24.7911,-50.0119,56.14,53,1,7.54,clear sky
46,Asau,RO,46.4333,26.4,68.92,32,2,3.49,clear sky
47,Grand Gaube,MU,-20.0064,57.6608,73.8,77,12,3.0,few clouds
48,Grindavik,IS,63.8424,-22.4338,54.07,66,75,14.97,broken clouds
49,Iqaluit,CA,63.7506,-68.5145,29.93,80,100,5.75,overcast clouds
50,Cape Town,ZA,-33.9258,18.4232,59.27,67,20,11.5,few clouds
51,Kaitangata,NZ,-46.2817,169.8464,44.92,81,62,12.95,broken clouds
52,Busselton,AU,-33.65,115.3333,59.7,77,29,1.74,scattered clouds
53,Kavaratti,IN,10.5669,72.642,81.95,80,100,7.87,overcast clouds
54,Guinticgan,PH,11.5641,123.1236,83.03,78,83,9.66,broken clouds
55,Nampula,MZ,-15.1165,39.2666,75.15,83,75,6.91,broken clouds
56,Clonakilty,IE,51.6231,-8.8706,59.09,80,45,19.64,scattered clouds
57,Jamestown,US,42.097,-79.2353,59.02,93,100,14.97,mist
58,Mayo,US,38.8876,-76.5119,79.34,67,40,8.05,scattered clouds
59,Hirara,JP,24.8,125.2833,75.51,91,100,22.1,light rain
60,Sayyan,YE,15.1718,44.3244,70.34,13,100,13.69,overcast clouds
61,Sao Gabriel Da Cachoeira,BR,-0.1303,-67.0892,73.2,94,100,5.75,overcast clouds
62,Puerto Ayora,EC,-0.7393,-90.3518,80.56,91,62,5.01,broken clouds
63,Somerset,US,40.5668,-74.5496,61.25,90,100,1.99,overcast clouds
64,Mar Del Plata,AR,-38.0023,-57.5575,56.95,64,0,13.8,clear sky
65,Narsaq,GL,60.9167,-46.05,52.02,63,11,7.47,few clouds
66,Hasaki,JP,35.7333,140.8333,61.29,77,100,17.11,overcast clouds
67,Norman Wells,CA,65.282,-126.8329,41.04,75,100,10.36,overcast clouds
68,Phatthalung,TH,7.5,100.0833,79.63,84,82,6.58,broken clouds
69,Angoram,PG,-4.0625,144.0661,74.52,96,23,1.68,moderate rain
70,Abu Zabad,SD,12.35,29.25,100.96,13,27,2.3,scattered clouds
71,Saint-Philippe,RE,-21.3585,55.7679,72.99,76,41,11.39,scattered clouds
72,Esil,KZ,51.9556,66.4042,55.36,53,57,12.03,broken clouds
73,Nanortalik,GL,60.1432,-45.2371,38.84,67,6,9.08,clear sky
74,Vuktyl,RU,63.8567,57.3094,37.54,99,100,6.31,light rain
75,Lieksa,FI,63.3167,30.0167,45.28,50,96,8.68,overcast clouds
76,Souillac,MU,-20.5167,57.5167,73.78,78,40,8.05,scattered clouds
77,Butaritari,KI,3.0707,172.7902,81.52,69,26,13.6,scattered clouds
78,Kapaa,US,22.0752,-159.319,76.98,92,40,10.36,scattered clouds
79,Bluff,NZ,-46.6,168.3333,43.81,80,95,20.31,light rain
80,Eyl,SO,7.9803,49.8164,85.59,62,97,21.34,overcast clouds
81,Pasighat,IN,28.0667,95.3333,70.75,91,62,3.69,broken clouds
82,Hammerfest,NO,70.6634,23.6821,37.85,60,75,4.61,broken clouds
83,Nabire,ID,-3.3667,135.4833,75.72,91,89,2.15,moderate rain
84,Port Hardy,CA,50.6996,-127.4199,48.38,71,40,11.5,scattered clouds
85,Georgetown,MY,5.4112,100.3354,83.95,82,20,3.44,few clouds
86,Sao Filipe,CV,14.8961,-24.4956,77.32,65,9,9.75,clear sky
87,Floro,NO,61.5996,5.0328,60.22,82,75,17.27,broken clouds
88,Chuy,UY,-33.6971,-53.4616,61.83,54,31,8.23,scattered clouds
89,Torbay,CA,47.6666,-52.7314,52.27,78,75,23.02,broken clouds
90,Saqqez,IR,36.2499,46.2735,61.54,40,0,6.24,clear sky
91,Salalah,OM,17.0151,54.0924,84.29,89,40,4.61,scattered clouds
92,Port Elizabeth,ZA,-33.918,25.5701,59.29,99,75,10.36,heavy intensity rain
93,Mataura,NZ,-46.1927,168.8643,43.48,94,79,7.0,light rain
94,Zhigalovo,RU,54.8097,105.1578,55.29,61,11,0.54,few clouds
95,Sao Joao Da Barra,BR,-21.6403,-41.0511,73.49,39,0,12.17,clear sky
96,Columbus,US,39.9612,-82.9988,75.69,73,75,12.66,broken clouds
97,Puerto Del Rosario,ES,28.5004,-13.8627,78.55,53,20,17.27,few clouds
98,Porbandar,IN,21.6422,69.6093,83.07,77,0,13.56,clear sky
99,Saldanha,ZA,-33.0117,17.9442,57.25,66,87,20.38,overcast clouds
100,Berlevag,NO,70.8578,29.0864,37.35,60,75,4.61,broken clouds
101,Mehamn,NO,71.0357,27.8492,37.31,64,75,3.44,broken clouds
102,Kulhudhuffushi,MV,6.6221,73.07,83.26,79,100,16.51,overcast clouds
103,Mombasa,KE,-4.0547,39.6636,77.34,81,99,10.09,overcast clouds
104,Lappeenranta,FI,61.0587,28.1887,53.65,30,0,9.22,clear sky
105,Dongsheng,CN,39.8161,109.9776,63.43,29,65,8.39,broken clouds
106,Hithadhoo,MV,-0.6,73.0833,83.35,74,63,11.25,broken clouds
107,Moberly,US,39.4184,-92.4382,78.78,64,0,17.27,clear sky
108,Verkhoyansk,RU,67.5447,133.385,33.89,88,89,5.97,overcast clouds
109,Zimmi,SL,7.3153,-11.3061,83.93,77,96,4.09,moderate rain
110,Qaanaaq,GL,77.484,-69.3632,28.33,88,100,6.67,overcast clouds
111,Mount Isa,AU,-20.7333,139.5,69.57,60,26,11.5,scattered clouds
112,Srednekolymsk,RU,67.45,153.6833,40.32,77,7,6.4,clear sky
113,Buenaventura,CO,3.8801,-77.0312,85.21,70,91,2.01,overcast clouds
114,Semey,KZ,50.4111,80.2275,64.29,52,39,11.34,scattered clouds
115,Cidreira,BR,-30.1811,-50.2056,59.38,77,96,12.26,overcast clouds
116,Bucerias,MX,20.75,-105.3333,80.58,65,20,6.91,few clouds
117,Sur,OM,22.5667,59.5289,92.59,40,0,10.33,clear sky
118,Vila Franca Do Campo,PT,37.7167,-25.4333,64.81,83,45,19.08,scattered clouds
119,Karad,IN,17.2833,74.2,76.46,78,100,11.23,moderate rain
120,Srandakan,ID,-7.9386,110.2506,78.49,88,100,3.4,overcast clouds
121,Tougan,BF,13.0667,-3.0667,103.37,18,75,8.12,broken clouds
122,Khatanga,RU,71.9667,102.5,25.7,92,100,9.4,overcast clouds
123,Lavrentiya,RU,65.5833,-171.0,29.62,92,77,5.82,broken clouds
124,Victoria,HK,22.2855,114.1577,79.32,79,92,3.0,overcast clouds
125,Arraial Do Cabo,BR,-22.9661,-42.0278,73.36,60,40,24.16,scattered clouds
126,Klaksvik,FO,62.2266,-6.589,50.92,95,99,20.49,overcast clouds
127,Talnakh,RU,69.4865,88.3972,33.21,92,89,4.29,overcast clouds
128,Isabela,PH,6.7085,121.9711,79.88,87,100,0.6,overcast clouds
129,Navrongo,GH,10.8956,-1.0921,100.87,25,78,5.06,broken clouds
130,Masvingo,ZW,-20.0637,30.8277,66.49,54,83,3.94,broken clouds
131,Richards Bay,ZA,-28.783,32.0377,71.65,65,0,6.91,clear sky
132,Poya,NC,-21.35,165.15,73.6,87,3,3.78,clear sky
133,Ternate,ID,0.8,127.4,81.72,78,92,2.35,overcast clouds
134,Westport,US,41.1415,-73.3579,58.01,95,100,9.22,overcast clouds
135,Yulara,AU,-25.2406,130.9889,55.63,64,3,10.36,clear sky
136,Cumra,TR,37.5732,32.7745,48.34,61,97,10.6,overcast clouds
137,Vostok,RU,46.4856,135.8833,45.93,87,100,5.64,light rain
138,Aklavik,CA,68.2191,-135.0107,30.2,80,100,2.3,overcast clouds
139,Alofi,NU,-19.0595,-169.9187,75.09,88,78,11.5,broken clouds
140,Ilulissat,GL,69.2167,-51.1,31.15,56,0,3.8,clear sky
141,Kawalu,ID,-7.3817,108.2082,74.16,95,95,1.12,overcast clouds
142,New Norfolk,AU,-42.7826,147.0587,48.92,72,8,2.8,clear sky
143,Ancud,CL,-41.8697,-73.8203,53.17,80,98,15.01,overcast clouds
144,Ribeira Grande,PT,38.5167,-28.7,66.6,59,20,16.11,few clouds
145,Haifa,IL,32.8156,34.9892,70.74,80,0,5.75,clear sky
146,Jinxiang,CN,27.4327,120.6062,65.75,90,94,6.71,overcast clouds
147,Hovd,MN,48.0056,91.6419,65.07,25,3,4.85,clear sky
148,Linxia,CN,35.6003,103.2064,57.33,51,100,4.41,overcast clouds
149,Port Lincoln,AU,-34.7333,135.8667,58.46,62,1,15.21,clear sky
150,Jardim,BR,-21.4803,-56.1381,67.82,42,6,2.37,clear sky
151,Constitucion,CL,-35.3333,-72.4167,58.84,77,71,16.37,broken clouds
152,Bambous Virieux,MU,-20.3428,57.7575,73.65,78,40,8.05,scattered clouds
153,Cockburn Town,TC,21.4612,-71.1419,80.96,83,40,14.0,scattered clouds
154,Pozo Colorado,PY,-23.4923,-58.7972,66.54,43,0,4.05,clear sky
155,Longyearbyen,SJ,78.2186,15.6401,30.04,80,75,16.11,broken clouds
156,Caravelas,BR,-17.7125,-39.2481,78.03,25,80,10.0,broken clouds
157,San Patricio,US,28.017,-97.5169,87.66,46,16,18.01,few clouds
158,Dunedin,NZ,-45.8742,170.5036,48.79,50,11,1.99,few clouds
159,Muzhi,RU,65.3667,64.6667,39.81,74,100,15.88,overcast clouds
160,Amapa,BR,1.0,-52.0,76.84,96,100,3.91,overcast clouds
161,Dinan,FR,48.4167,-2.25,66.74,60,85,7.94,overcast clouds
162,Leshukonskoye,RU,64.8989,45.7622,41.79,62,100,10.42,overcast clouds
163,Vaini,TO,-21.2,-175.2,73.56,88,40,6.91,scattered clouds
164,Carnarvon,AU,-24.8667,113.6333,71.37,65,20,12.57,few clouds
165,Vao,NC,-22.6667,167.4833,74.97,81,84,18.16,broken clouds
166,Airai,TL,-8.9266,125.4092,58.69,90,20,3.65,few clouds
167,Fortuna,US,40.5982,-124.1573,55.92,80,75,17.27,broken clouds
168,Muros,ES,42.7762,-9.0603,75.69,67,94,9.64,overcast clouds
169,Saint-Augustin,CA,51.226,-58.6502,46.89,67,100,16.06,overcast clouds
170,Thompson,CA,55.7435,-97.8558,39.36,48,40,12.66,scattered clouds
171,Chokurdakh,RU,70.6333,147.9167,30.34,95,100,7.2,overcast clouds
172,Matviyivka,UA,47.0747,35.1444,58.46,61,67,14.09,broken clouds
173,Severo-Kurilsk,RU,50.6789,156.125,42.12,88,90,2.33,overcast clouds
174,Shitanjing,CN,39.2342,106.3439,62.78,32,15,1.92,few clouds
175,Cascais,PT,38.6979,-9.4215,82.62,63,0,13.8,clear sky
176,Morgan City,US,29.6994,-91.2068,87.03,74,20,9.22,few clouds
177,Ulladulla,AU,-35.35,150.4667,50.65,78,92,8.16,overcast clouds
178,Varna,BG,43.2167,27.9167,61.88,79,80,14.97,broken clouds
179,Tsaratanana,MG,-16.7833,47.65,69.17,73,73,9.95,broken clouds
180,Mecca,SA,21.4267,39.8261,94.42,24,0,7.18,clear sky
181,Nambucca Heads,AU,-30.65,153.0,60.8,82,100,8.1,overcast clouds
182,Tasiilaq,GL,65.6145,-37.6368,37.56,83,100,1.43,overcast clouds
183,Rio Grande,BR,-32.035,-52.0986,60.91,67,64,13.42,broken clouds
184,Acapulco,MX,16.8634,-99.8901,84.02,65,0,6.91,clear sky
185,Camacha,PT,33.0833,-16.3333,67.42,78,40,8.05,scattered clouds
186,Lata,PT,40.1629,-8.3327,78.93,32,86,9.64,overcast clouds
187,Odweyne,SO,9.4092,45.064,85.53,34,97,5.01,overcast clouds
188,Luderitz,NA,-26.6481,15.1594,59.74,67,95,15.17,overcast clouds
189,Gerash,IR,27.6652,54.1371,96.94,9,0,14.88,clear sky
190,Rajbiraj,NP,26.5333,86.75,83.98,58,5,14.2,clear sky
191,Martapura,ID,-3.4167,114.85,77.09,100,100,3.44,mist
192,Nara,JP,34.6851,135.8049,65.5,47,100,1.81,overcast clouds
193,Hami,CN,42.8,93.45,77.36,13,6,3.15,clear sky
194,Bunia,CD,1.5667,30.25,73.38,60,92,4.52,overcast clouds
195,Brownsville,US,25.9018,-97.4975,87.8,64,75,19.57,broken clouds
196,Midland,US,31.9974,-102.0779,95.81,16,0,14.97,clear sky
197,Portland,US,45.5234,-122.6762,52.0,75,100,8.05,overcast clouds
198,Raga,SS,8.4596,25.678,84.96,52,64,12.86,broken clouds
199,Lompoc,US,34.6391,-120.4579,74.84,75,0,5.75,clear sky
200,Ottumwa,US,41.02,-92.4113,86.54,63,0,14.97,clear sky
201,Alvik,SE,60.7477,14.8746,69.08,30,84,8.5,broken clouds
202,San Quintin,MX,30.4833,-115.95,62.33,70,68,5.77,broken clouds
203,Byron Bay,AU,-28.65,153.6167,58.71,76,100,11.07,overcast clouds
204,Mount Gambier,AU,-37.8333,140.7667,47.35,81,37,5.06,scattered clouds
205,Lebanon,US,36.2081,-86.2911,86.05,65,20,12.66,few clouds
206,Marmora,IT,44.4583,7.094,67.53,71,61,2.91,light rain
207,Punta De Bombon,PE,-17.1717,-71.7931,67.19,71,84,7.45,broken clouds
208,Saint-Georges,GD,12.0564,-61.7485,87.48,62,40,21.85,scattered clouds
209,Lloydminster,CA,53.2835,-110.0016,43.02,87,100,25.32,overcast clouds
210,Mitu,CO,1.1983,-70.1733,69.62,99,100,2.68,overcast clouds
211,Sandpoint,US,48.2766,-116.5533,47.93,62,100,10.36,overcast clouds
212,Izumo,JP,35.3667,132.7667,60.75,55,100,5.44,overcast clouds
213,Clifton Springs,AU,-38.15,144.5667,55.94,91,100,4.61,overcast clouds
214,Geraldton,AU,-28.7667,114.6,63.01,94,100,1.14,overcast clouds
215,Teruel,ES,40.6667,-0.6667,75.92,28,62,18.63,broken clouds
216,Pak Phanang,TH,8.3511,100.202,80.28,83,100,6.64,overcast clouds
217,Mulchen,CL,-37.7167,-72.2333,53.46,83,100,4.94,overcast clouds
218,Sistranda,NO,63.7256,8.834,57.16,82,90,7.76,overcast clouds
219,Popondetta,PG,-8.7537,148.2534,73.02,95,26,2.59,scattered clouds
220,Beneditinos,BR,-5.45,-42.3667,85.53,66,74,4.74,light rain
221,Minatitlan,MX,17.9833,-94.5167,84.29,70,0,8.05,clear sky
222,Maningrida,AU,-12.0667,134.2667,73.4,85,9,6.93,clear sky
223,Honiara,SB,-9.4333,159.95,76.84,87,1,2.55,clear sky
224,Iracoubo,GF,5.4802,-53.2011,82.72,69,98,6.06,overcast clouds
225,Kerema,PG,-7.9631,145.7785,77.05,87,61,2.51,broken clouds
226,Codrington,AU,-38.2667,141.9667,53.67,66,100,7.9,overcast clouds
227,Sabha,LY,27.0377,14.4283,92.7,12,0,11.01,clear sky
228,El Reno,US,35.5323,-97.955,86.36,52,0,13.8,clear sky
229,Neepawa,CA,50.2289,-99.4664,46.8,93,100,9.48,light rain
230,Obo,CF,5.3998,26.4869,80.78,64,95,1.79,overcast clouds
231,Laguna,US,38.421,-121.4238,80.73,31,0,13.8,clear sky
232,Seybaplaya,MX,19.65,-90.6667,88.48,49,36,4.92,scattered clouds
233,Phan Thiet,VN,10.9333,108.1,78.78,87,100,3.31,overcast clouds
234,Diamantino,BR,-14.4086,-56.4461,70.14,31,40,7.23,scattered clouds
235,Inirida,CO,3.8653,-67.9239,72.25,98,100,3.09,overcast clouds
236,Elko,US,41.0002,-115.5012,64.06,36,38,25.99,scattered clouds
237,Bengkulu,ID,-3.8004,102.2655,77.32,87,69,3.74,broken clouds
238,Matara,LK,5.9485,80.5353,77.65,93,17,7.25,few clouds
239,Dannenberg,DE,53.0967,11.09,78.24,57,99,9.08,overcast clouds
240,Soe,ID,-9.8607,124.284,65.32,94,9,4.63,clear sky
241,Canete,CL,-37.8,-73.4,57.4,82,100,10.27,overcast clouds
242,East London,ZA,-33.0153,27.9116,65.34,94,75,12.66,broken clouds
243,Upernavik,GL,72.7868,-56.1549,26.65,80,13,10.16,few clouds
244,Nome,US,64.5011,-165.4064,28.47,100,20,0.0,few clouds
245,Luangwa,ZM,-15.6167,30.4167,72.41,59,0,3.09,clear sky
246,Barrow,US,71.2906,-156.7887,24.82,86,100,10.36,overcast clouds
247,Bathsheba,BB,13.2167,-59.5167,86.61,66,20,21.85,few clouds
248,Nizhniy Kuranakh,RU,58.8353,125.4869,39.79,98,100,5.39,light rain
249,Kysyl-Syr,RU,63.8986,122.7617,38.37,89,42,8.9,scattered clouds
250,Roma,US,43.2128,-75.4557,59.83,95,100,6.91,mist
251,Pochutla,MX,15.7432,-96.4661,89.82,46,90,7.45,overcast clouds
252,Sobolevo,RU,54.4299,31.8996,55.63,68,88,11.7,overcast clouds
253,Xichang,CN,27.8964,102.2634,60.24,83,97,2.75,overcast clouds
254,Mirnyy,RU,62.5353,113.9611,44.24,81,100,15.99,overcast clouds
255,Labuhan,ID,-6.8844,112.2051,80.1,85,100,7.09,overcast clouds
256,Nyimba,ZM,-14.5566,30.8149,72.16,55,23,2.75,few clouds
257,Angoche,MZ,-16.2325,39.9086,75.83,70,10,5.55,clear sky
258,Yerbogachen,RU,61.2767,108.0108,49.1,69,97,12.68,overcast clouds
259,Half Moon Bay,US,37.4636,-122.4286,72.91,65,0,19.57,haze
260,Agadez,NE,19.75,10.25,99.66,11,62,8.48,broken clouds
261,Clyde River,CA,70.4692,-68.5914,26.83,93,0,9.22,clear sky
262,Inongo,CD,-1.95,18.2667,76.78,81,93,3.11,light rain
263,Sitka,US,57.0531,-135.33,48.09,71,40,0.0,scattered clouds
264,Tiksi,RU,71.6872,128.8694,27.64,96,100,10.51,overcast clouds
265,Gimli,CA,50.6336,-96.9907,37.42,81,100,8.05,overcast clouds
266,Chernyshevskiy,RU,63.0128,112.4714,40.64,91,100,12.71,light rain
267,Biri,PH,12.6833,124.3636,81.09,83,74,10.27,broken clouds
268,San Andres,CO,12.5847,-81.7006,86.02,74,40,9.22,scattered clouds
269,Yook,PH,13.2261,121.964,80.82,83,73,4.88,broken clouds
270,Pevek,RU,69.7008,170.3133,31.42,99,100,1.77,light snow
271,Sioux Lookout,CA,50.1001,-91.917,46.47,81,100,3.44,overcast clouds
272,Bridlington,GB,54.0831,-0.1919,65.89,58,59,7.61,broken clouds
273,Saint George,US,37.1041,-113.5841,88.43,16,0,4.61,clear sky
274,Sakakah,SA,29.9697,40.2064,94.57,11,67,11.27,broken clouds
275,Santa Vitoria Do Palmar,BR,-33.5189,-53.3681,61.72,56,29,8.52,scattered clouds
276,Samarai,PG,-10.6167,150.6667,81.18,77,27,7.9,scattered clouds
277,Cabo San Lucas,MX,22.8909,-109.9124,85.3,50,0,0.0,clear sky
278,Mattru,SL,7.6244,-11.8332,86.9,68,89,4.99,light rain
279,Kashihara,JP,34.509,135.7929,65.5,69,100,2.64,overcast clouds
280,Los Llanos De Aridane,ES,28.6585,-17.9182,69.55,84,75,6.91,broken clouds
281,Isangel,VU,-19.55,169.2667,75.67,91,100,21.36,moderate rain
282,Inhambane,MZ,-23.865,35.3833,71.44,82,27,4.63,light rain
283,Council Bluffs,US,41.2619,-95.8608,83.52,62,75,20.71,broken clouds
284,Kimbe,PG,-5.5502,150.1429,74.98,92,5,4.07,clear sky
285,Khandyga,RU,62.6667,135.6,37.76,96,100,4.07,moderate rain
286,Pitimbu,BR,-7.4706,-34.8086,88.39,68,100,11.12,overcast clouds
287,Tual,ID,-5.6667,132.75,83.07,76,68,12.84,broken clouds
288,Tazmalt,DZ,36.3868,4.3989,91.89,21,6,6.49,clear sky
289,Fairbanks,US,64.8378,-147.7164,51.1,55,20,3.44,few clouds
290,Oistins,BB,13.0667,-59.5333,86.09,66,20,21.85,few clouds
291,Havre,FR,49.5833,0.3333,68.34,63,0,6.91,clear sky
292,La Mana,EC,-0.9333,-79.2167,79.86,81,100,4.09,overcast clouds
293,Husavik,IS,66.0449,-17.3389,51.84,67,85,17.4,overcast clouds
294,Ibra,OM,22.6906,58.5334,91.47,27,0,12.12,clear sky
295,Te Anau,NZ,-45.4167,167.7167,39.72,95,60,3.65,broken clouds
296,Basco,PH,20.4487,121.9702,80.56,79,100,15.23,light rain
297,Zastron,ZA,-30.3023,27.084,55.49,43,99,8.59,overcast clouds
298,Hede,CN,33.7681,120.2517,63.54,66,100,8.05,overcast clouds
299,Xinqing,CN,48.2333,129.5,46.17,65,91,2.95,overcast clouds
300,Valdosta,US,30.8327,-83.2785,91.9,53,0,6.91,clear sky
301,Buraydah,SA,26.326,43.975,102.65,7,0,3.31,clear sky
302,Pangnirtung,CA,66.1451,-65.7125,30.2,86,75,6.91,broken clouds
303,Champerico,GT,14.3,-91.9167,88.34,76,100,6.98,overcast clouds
304,Nueva Gerona,CU,21.8833,-82.8,86.97,58,48,11.36,scattered clouds
305,Seoul,KR,37.5683,126.9778,60.37,63,0,4.61,clear sky
306,Mahebourg,MU,-20.4081,57.7,73.69,78,40,8.05,scattered clouds
307,Natal,BR,-5.795,-35.2094,89.82,66,40,11.5,scattered clouds
308,Vardo,NO,70.3705,31.1107,35.58,75,100,8.05,overcast clouds
309,Superior,US,46.7208,-92.1041,63.48,76,100,16.11,overcast clouds
310,Tamandare,BR,-8.7597,-35.1047,86.23,64,86,12.59,overcast clouds
311,Sisimiut,GL,66.9395,-53.6735,40.19,53,7,7.07,clear sky
312,Takoradi,GH,4.8845,-1.7554,82.76,77,99,9.24,light rain
313,Oranjemund,NA,-28.55,16.4333,57.4,76,100,5.86,overcast clouds
314,Atar,MR,20.5169,-13.0499,102.76,8,29,9.46,scattered clouds
315,Isla Mujeres,MX,21.2311,-86.731,86.16,68,36,11.21,scattered clouds
316,Xingtai,CN,37.0631,114.4942,70.59,47,0,7.94,clear sky
317,Nazarovo,RU,56.0064,90.3914,65.28,53,55,4.68,broken clouds
318,Severo-Yeniseyskiy,RU,60.3725,93.0408,50.34,70,64,5.26,broken clouds
319,Luz,BR,-19.8014,-45.6856,67.8,34,19,10.4,few clouds
320,Mabopane,ZA,-25.4977,28.1007,63.66,42,78,3.85,broken clouds
321,Faanui,PF,-16.4833,-151.75,80.35,70,18,7.96,few clouds
322,Almora,IN,29.6167,79.6667,67.39,37,34,2.24,scattered clouds
323,Surt,LY,31.2089,16.5887,71.04,71,0,12.37,clear sky
324,Champua,IN,22.0833,85.6667,83.21,68,35,10.63,scattered clouds
325,Comodoro Rivadavia,AR,-45.8667,-67.5,49.86,76,40,5.75,scattered clouds
326,Chicama,PE,-7.8447,-79.1469,63.14,61,40,9.55,scattered clouds
327,Saskylakh,RU,71.9167,114.0833,29.98,96,100,2.84,overcast clouds
328,Doha,QA,25.2867,51.5333,100.38,15,0,12.66,clear sky
329,Sanawad,IN,22.1833,76.0667,100.11,17,12,10.07,few clouds
330,Ligayan,PH,4.6533,119.4706,83.82,74,84,6.58,broken clouds
331,Necochea,AR,-38.5473,-58.7368,57.61,42,18,9.51,few clouds
332,Carutapera,BR,-1.195,-46.02,82.09,79,84,3.74,broken clouds
333,Muisne,EC,0.6,-80.0333,80.56,79,97,9.46,overcast clouds
334,Dukat,RU,62.55,155.55,26.42,99,100,4.59,overcast clouds
335,El Tigre,VE,8.8875,-64.2454,91.76,31,96,9.53,overcast clouds
336,Huarmey,PE,-10.0681,-78.1522,71.2,76,33,10.49,scattered clouds
337,Paita,PE,-5.0892,-81.1144,74.93,65,10,14.03,clear sky
338,Waipawa,NZ,-41.4122,175.5153,53.65,69,0,22.1,clear sky
339,Ust-Nera,RU,64.5667,143.2,28.87,95,70,4.41,broken clouds
340,Karpathos,GR,35.507,27.2132,66.16,63,20,40.29,few clouds
341,Tocopilla,CL,-22.092,-70.1979,68.07,64,15,8.99,few clouds
342,Hamilton,US,39.1834,-84.5333,76.73,88,100,10.36,mist
343,Kargat,RU,55.1956,80.2811,53.22,53,33,8.57,scattered clouds
344,Hofn,IS,64.2539,-15.2082,50.02,87,100,13.8,mist
345,Haines Junction,CA,60.7522,-137.5108,44.55,45,24,4.61,few clouds
346,Stornoway,GB,58.2093,-6.3865,57.16,72,75,28.77,broken clouds
347,Esperance,AU,-33.8667,121.9,61.86,77,58,5.95,broken clouds
348,Tonantins,BR,-2.8731,-67.8022,72.1,82,100,2.59,overcast clouds
349,Pilar,BR,-9.5972,-35.9567,87.73,54,95,7.36,light rain
350,Unity,CA,52.4501,-109.1682,40.24,93,100,23.11,overcast clouds
351,Egvekinot,RU,66.3167,-179.1667,29.16,98,100,3.04,overcast clouds
352,Bandarbeyla,SO,9.4942,50.8122,82.4,78,92,28.39,overcast clouds
353,Noyabrsk,RU,63.1994,75.4507,56.17,75,100,16.2,light rain
354,Sakaiminato,JP,35.55,133.2333,60.78,67,75,5.75,broken clouds
355,Cherskiy,RU,68.75,161.3,40.03,74,84,3.96,broken clouds
356,Kyren,RU,51.6828,102.1408,59.67,47,34,0.31,scattered clouds
357,Terrace Bay,CA,48.7834,-87.1,45.7,85,100,1.3,overcast clouds
358,Juneau,US,58.3019,-134.4197,55.09,73,40,4.61,scattered clouds
359,Aransas Pass,US,27.9095,-97.15,87.8,73,40,17.27,scattered clouds
360,Vestmanna,FO,62.1564,-7.1664,49.12,93,100,14.97,light rain
361,Luanda,AO,-8.8368,13.2343,80.6,74,0,12.66,clear sky
362,Vila Do Maio,CV,15.1333,-23.2167,86.79,81,18,18.52,few clouds
363,Gisenyi,RW,-1.7028,29.2564,65.82,86,100,2.98,light rain
364,Santiago Del Estero,AR,-27.7951,-64.2615,66.16,28,0,12.88,clear sky
365,Ostrovnoy,RU,68.0531,39.5131,33.94,80,100,17.25,overcast clouds
366,Abha,SA,18.2164,42.5053,79.05,8,3,11.5,clear sky
367,Tautira,PF,-17.7333,-149.15,79.07,77,30,9.78,light rain
368,Lodwar,KE,3.1191,35.5973,91.0,31,83,11.74,broken clouds
369,Sola,VU,-13.8833,167.55,81.39,77,17,15.84,few clouds
370,Gornopravdinsk,RU,60.05,69.9,48.78,92,93,5.48,overcast clouds
371,Lewiston,US,44.1003,-70.2148,60.33,58,100,8.05,overcast clouds
372,Teguldet,RU,57.3064,88.1667,58.68,95,100,6.8,light rain
373,Vredendal,ZA,-31.6683,18.5012,58.71,56,90,16.35,overcast clouds
374,Mashhad,IR,36.297,59.6062,62.74,77,20,4.61,few clouds
375,Galle,LK,6.0367,80.217,79.83,89,16,8.05,few clouds
376,Nakamura,JP,32.9833,132.9333,60.78,66,100,2.39,overcast clouds
377,Goroka,PG,-6.0834,145.3873,60.49,98,88,2.01,overcast clouds
378,Cap Malheureux,MU,-19.9842,57.6142,71.47,77,10,3.0,clear sky
379,Moree,AU,-29.4667,149.85,57.4,66,100,7.36,light rain
380,Hibbing,US,47.4272,-92.9377,52.95,59,100,3.44,mist
381,Kyabe,TD,9.4515,18.9449,91.26,41,74,3.8,broken clouds
382,Tancanhuitz,MX,21.6,-98.9667,94.62,41,2,6.4,clear sky
383,Rio Verde De Mato Grosso,BR,-18.9181,-54.8442,70.68,33,85,4.34,overcast clouds
384,Katsuura,JP,35.1333,140.3,65.28,84,100,13.42,overcast clouds
385,Sorland,NO,67.667,12.6934,44.46,84,19,5.1,few clouds
386,Tuatapere,NZ,-46.1333,167.6833,43.56,91,95,10.69,light rain
387,Gazojak,TM,41.1875,61.4036,79.72,16,0,8.84,clear sky
388,Saint-Joseph,RE,-21.3667,55.6167,71.98,75,23,12.01,few clouds
389,Tsogni,GA,-2.7942,10.0988,76.89,84,95,4.21,overcast clouds
390,Romanovka,RU,51.7443,42.7527,50.14,74,30,5.95,scattered clouds
391,Lodja,CD,-3.4833,23.4333,77.4,72,85,2.13,overcast clouds
392,Puli,TW,23.9664,120.9695,71.85,95,81,1.48,broken clouds
393,Zabid,YE,14.1951,43.3152,89.82,35,76,7.54,broken clouds
394,Moron,AR,-34.6534,-58.6198,58.95,64,72,3.51,broken clouds
395,Cabano,PH,10.5869,122.7002,81.79,77,57,0.96,broken clouds
396,Kachug,RU,53.9606,105.8817,54.3,87,46,2.89,scattered clouds
397,Balkhash,KZ,46.844,74.9804,68.88,35,8,13.51,clear sky
398,Faya,SA,18.3851,42.4509,79.32,14,4,13.2,clear sky
399,Kajaani,FI,64.2273,27.7285,50.05,37,0,3.44,clear sky
400,Yenagoa,NG,4.9247,6.2642,78.42,90,99,3.8,light rain
401,Bocholt,DE,51.8333,6.6,70.97,67,100,6.76,overcast clouds
402,Sao Joao De Pirabas,BR,-0.7747,-47.1772,79.45,87,100,4.43,overcast clouds
403,Pisco,PE,-13.7,-76.2167,68.05,73,85,6.91,haze
404,Presidencia Roque Saenz Pena,AR,-26.7852,-60.4388,64.83,42,0,6.22,clear sky
405,Boende,CD,-0.2167,20.8667,80.22,70,95,1.72,overcast clouds
406,Emerald,AU,-23.5333,148.1667,63.34,60,100,12.86,overcast clouds
407,Perth,AU,-31.9333,115.8333,63.09,90,75,4.61,broken clouds
408,Vallenar,CL,-28.5708,-70.7581,68.09,40,91,4.74,overcast clouds
409,Humaita,BR,-7.5061,-63.0208,81.66,39,72,2.86,broken clouds
410,Andenes,NO,69.3143,16.1194,44.58,76,0,11.5,clear sky
411,Valley City,US,46.9233,-98.0032,54.12,100,20,17.27,few clouds
412,Yen Bai,VN,21.7,104.8667,76.33,91,99,3.74,overcast clouds
413,Tilichiki,RU,60.4667,166.1,34.2,92,100,0.94,overcast clouds
414,Zimovniki,RU,47.1483,42.4633,53.92,74,100,6.67,overcast clouds
415,Vinh,VN,18.6667,105.6667,76.39,90,67,2.57,broken clouds
416,Debre Tabor,ET,11.85,38.0167,66.9,15,31,5.1,scattered clouds
417,Najran,SA,17.4924,44.1277,90.25,11,81,7.23,broken clouds
418,Naco,MX,31.3347,-109.9483,80.85,18,0,6.93,clear sky
419,Kiama,AU,-34.6833,150.8667,60.01,71,100,3.0,overcast clouds
420,Stykkisholmur,IS,65.0757,-22.7297,47.32,81,77,7.78,light rain
421,Marshalltown,US,42.0494,-92.908,82.63,57,99,14.18,overcast clouds
422,Prudentopolis,BR,-25.2131,-50.9778,60.87,41,1,4.0,clear sky
423,Nago,JP,26.5881,127.9761,74.25,92,100,11.34,overcast clouds
424,Marshall,US,34.3834,-86.3333,88.07,65,0,11.5,clear sky
425,Basoko,CD,1.2391,23.616,78.26,77,67,0.22,broken clouds
426,Namibe,AO,-15.1961,12.1522,71.42,73,14,11.83,few clouds
427,Ust-Maya,RU,60.4167,134.5333,36.99,86,100,6.71,overcast clouds
428,Seminole,US,28.7086,-81.2081,91.26,61,20,4.61,few clouds
429,Santa Isabel,BR,-23.3156,-46.2214,58.71,62,96,8.66,overcast clouds
430,Bo Phloi,TH,14.3236,99.5161,77.04,84,100,6.91,overcast clouds
431,Clarence Town,AU,-32.5833,151.7833,63.86,76,100,2.15,overcast clouds
432,Lima,PE,-12.0432,-77.0282,66.45,73,20,9.22,few clouds
433,Uruzgan,AF,32.8333,66.0,72.19,11,0,11.9,clear sky
434,Axim,GH,4.8699,-2.2405,82.6,76,100,6.87,overcast clouds
435,Cocobeach,GA,1.0002,9.5823,77.79,87,100,0.43,light rain
436,Songkhla,TH,6.8333,100.6667,78.85,84,98,4.23,overcast clouds
437,Howard Springs,AU,-12.497,131.047,75.11,93,0,1.66,clear sky
438,Cardston,CA,49.2,-113.3019,46.69,45,99,19.57,overcast clouds
439,Thinadhoo,MV,0.5333,72.9333,83.73,75,73,11.39,broken clouds
440,Seinajoki,FI,62.7945,22.8282,59.99,27,0,3.44,clear sky
441,Ketchikan,US,55.3422,-131.6461,46.87,87,75,4.61,broken clouds
442,Krasnyy Yar,RU,46.5331,48.3456,71.53,51,90,16.02,overcast clouds
443,Boyabat,TR,41.4689,34.7667,50.43,69,64,4.23,broken clouds
444,Leeton,AU,-34.5667,146.4,46.09,70,91,6.08,overcast clouds
445,College,US,64.8569,-147.8028,51.08,54,20,3.44,few clouds
446,Port Moresby,PG,-9.4431,147.1797,76.14,88,2,7.94,clear sky
447,Mazagao,BR,-0.115,-51.2894,84.25,79,94,3.15,overcast clouds
448,Krasnoselkup,RU,65.7,82.4667,51.35,67,49,19.89,scattered clouds
449,Port Blair,IN,11.6667,92.75,75.24,94,100,20.71,thunderstorm with heavy rain
450,Hue,VN,16.4667,107.6,77.11,94,20,2.3,few clouds
451,Obzor,BG,42.8167,27.8833,62.82,67,61,5.7,broken clouds
452,Manuk Mangkaw,PH,4.8,119.85,83.84,74,97,6.55,overcast clouds
453,Fort Morgan,US,40.2503,-103.8,80.02,25,0,6.91,clear sky
454,Galveston,US,29.3669,-94.9669,90.05,68,0,13.8,clear sky
455,Oussouye,SN,12.485,-16.5469,100.58,49,65,14.18,broken clouds
456,Dmitriyevskoye,RU,45.8053,41.8967,52.43,83,100,10.67,overcast clouds
457,Asfi,MA,32.2994,-9.2372,72.72,70,68,19.22,broken clouds
458,Hanzhong,CN,33.0728,107.0303,63.45,79,100,2.39,overcast clouds
459,The Valley,AI,18.217,-63.0578,85.86,74,40,13.8,scattered clouds
460,Flinders,AU,-34.5833,150.8552,56.17,68,100,5.99,overcast clouds
461,Praia Da Vitoria,PT,38.7333,-27.0667,66.45,82,40,16.49,scattered clouds
462,San Matias,BO,-16.3667,-58.4,73.15,24,92,5.7,overcast clouds
463,Walvis Bay,NA,-22.9575,14.5053,59.09,75,3,22.44,clear sky
464,Kandrian,PG,-6.2167,149.55,76.53,90,28,6.04,light rain
465,Ler,SS,8.3018,30.1418,84.99,53,91,3.91,overcast clouds
466,Shelburne,CA,44.0787,-80.2041,54.9,95,100,12.57,overcast clouds
467,Lardos,GR,36.0942,28.0157,72.95,70,5,11.97,clear sky
468,Urengoy,RU,65.9667,78.3667,52.09,88,100,9.8,light rain
469,Ngunguru,NZ,-35.6167,174.5,58.23,89,29,7.58,scattered clouds
470,Koltubanovskiy,RU,52.9407,52.0269,45.12,80,65,5.55,broken clouds
471,Blairmore,CA,49.6,-114.4353,44.47,52,90,19.57,overcast clouds
472,Sumbe,AO,-11.2061,13.8437,75.38,86,0,7.87,clear sky
473,Dix Hills,US,40.8048,-73.3362,55.98,90,100,12.66,mist
474,Gat,IL,31.61,34.7642,79.39,30,0,9.13,clear sky
475,Kijang,KR,35.2442,129.2139,63.81,49,100,5.95,overcast clouds
476,Morbegno,IT,46.1383,9.57,79.99,71,98,3.6,overcast clouds
477,Mayor Pablo Lagerenza,PY,-19.9309,-60.7718,72.82,19,39,3.83,scattered clouds
478,Chapais,CA,49.7834,-74.8492,55.18,59,100,8.14,overcast clouds
479,Yoichi,JP,43.2039,140.7703,50.95,91,27,5.59,scattered clouds
480,Vaitape,PF,-16.5167,-151.75,80.37,70,17,7.96,few clouds
481,Colac,AU,-38.3333,143.5833,49.84,90,21,4.83,few clouds
482,Killybegs,IE,54.6333,-8.45,62.31,73,82,19.51,broken clouds
483,Ballarat,AU,-37.5662,143.8496,43.18,85,37,5.61,scattered clouds
484,Kamina,CD,-8.7386,24.9906,73.89,56,21,4.97,few clouds
485,Qorveh,IR,35.1664,47.8045,58.68,35,4,4.29,clear sky
486,Hohhot,CN,40.8106,111.6522,57.49,44,0,2.24,clear sky
487,Fowa,NG,8.9167,6.4,92.64,42,96,7.05,overcast clouds
488,Senneterre,CA,48.3835,-77.2328,59.54,42,96,9.31,overcast clouds
489,Itaueira,BR,-7.6033,-43.0256,92.14,40,99,5.06,overcast clouds
490,Dingle,PH,10.9995,122.6711,78.62,85,59,4.14,broken clouds
491,Visnes,NO,59.3556,5.2242,56.82,87,75,8.05,broken clouds
492,Gbadolite,CD,4.2833,21.0167,78.73,77,62,4.07,light rain
493,Morant Bay,JM,17.8815,-76.4093,87.71,73,100,13.33,overcast clouds
494,Price,US,39.5994,-110.8107,75.11,22,0,4.61,clear sky
495,Araouane,ML,18.9048,-3.5265,106.88,7,12,11.59,few clouds
496,Pimenta Bueno,BR,-11.6725,-61.1936,74.97,33,29,2.68,scattered clouds
497,Chitrakonda,IN,18.1167,82.0833,81.0,80,97,3.76,moderate rain
498,Kirkuk,IQ,35.4681,44.3922,85.6,17,2,5.19,clear sky
499,Mitsamiouli,KM,-11.3847,43.2844,80.55,70,92,9.33,overcast clouds
500,Yumen,CN,40.2833,97.2,65.71,29,12,5.39,few clouds
501,Broken Hill,AU,-31.95,141.4333,50.79,62,100,12.17,overcast clouds
502,Karratha,AU,-20.7377,116.8463,75.25,73,0,3.15,clear sky
503,Zanjan,IR,36.6736,48.4787,66.65,28,1,13.98,clear sky
504,Santiago,CL,-33.4569,-70.6483,61.29,59,24,4.61,few clouds
505,Mabaruma,GY,8.2,-59.7833,85.95,55,58,7.23,broken clouds
506,Jensen Beach,US,27.2545,-80.2298,93.02,62,0,5.99,clear sky
507,Tateyama,JP,34.9833,139.8667,65.79,85,100,13.98,overcast clouds
508,Udachnyy,RU,66.4167,112.4,39.45,93,99,13.6,overcast clouds
509,Kruisfontein,ZA,-34.0033,24.7314,54.86,90,100,11.7,moderate rain
510,Ahuimanu,US,21.4447,-157.8378,78.51,82,20,11.99,few clouds
511,Bilma,NE,18.6853,12.9164,97.61,16,91,2.84,overcast clouds
512,Kavieng,PG,-2.5744,150.7967,81.34,78,9,7.74,clear sky
513,Afrikanda,RU,67.4429,32.7828,36.07,74,100,6.35,overcast clouds
514,Mikumi,TZ,-7.4041,36.9831,69.13,76,90,3.67,overcast clouds
515,Lovozero,RU,68.005,35.0117,33.55,80,100,11.9,overcast clouds
516,Bondo,CD,3.8146,23.6866,79.05,69,76,1.66,broken clouds
517,Doka,SD,13.5167,35.7667,101.73,9,37,6.87,scattered clouds
518,Pacific Grove,US,36.6177,-121.9166,71.35,75,0,11.01,haze
519,Poum,NC,-20.2333,164.0167,77.58,78,2,2.35,clear sky
520,Erenhot,CN,43.6475,111.9767,66.9,22,0,10.6,clear sky
521,Manaure,CO,11.7751,-72.4445,88.32,60,100,18.5,overcast clouds
522,Selma,US,36.5708,-119.6121,84.18,49,10,3.15,clear sky
523,Gap,FR,44.6667,6.0,65.84,42,80,5.3,broken clouds
524,Bay Roberts,CA,47.5999,-53.2648,52.29,74,56,10.0,broken clouds
525,Xuddur,SO,4.1213,43.8894,83.41,44,92,14.27,overcast clouds
526,Plettenberg Bay,ZA,-34.0527,23.3716,56.68,83,100,7.81,light rain
527,Banjar,ID,-8.19,114.9675,78.6,89,100,2.89,overcast clouds
528,San Cristobal,VE,7.7669,-72.225,80.78,54,100,8.77,overcast clouds
529,Grimshaw,CA,56.1834,-117.6027,44.22,76,100,24.16,overcast clouds
530,Quatre Cocos,MU,-20.2078,57.7625,73.51,73,42,13.65,scattered clouds
531,Carballo,ES,43.213,-8.691,71.02,82,98,5.79,overcast clouds
532,La Ronge,CA,55.1001,-105.2842,43.02,52,75,17.27,broken clouds
533,Chepareria,KE,1.3077,35.2039,62.44,93,100,3.58,light rain
534,Nakhon Phanom,TH,17.3333,104.4167,76.66,89,98,5.48,overcast clouds
535,Luba,GQ,3.4568,8.5547,78.87,85,100,6.44,light rain
536,Eureka,US,40.8021,-124.1637,59.13,80,85,10.0,overcast clouds
537,Nelson Bay,AU,-32.7167,152.15,64.0,66,100,9.98,overcast clouds
538,Smithers,CA,54.7804,-127.1743,48.52,61,40,12.66,scattered clouds
539,Cururupu,BR,-1.8283,-44.8683,83.39,77,73,3.65,broken clouds
540,Baraki Barak,AF,33.9675,68.9486,68.76,35,83,8.77,broken clouds
541,Olinda,BR,-8.0089,-34.8553,87.53,62,40,11.5,scattered clouds
542,Mayahi,NE,13.9553,7.6712,97.52,21,77,14.83,broken clouds
543,Chumikan,RU,54.7183,135.315,26.89,98,60,1.74,broken clouds
544,Svetlaya,RU,46.5389,138.3297,50.52,67,100,5.84,overcast clouds
545,Jishou,CN,28.3167,109.7167,58.33,97,96,1.05,overcast clouds
546,Alanya,TR,36.5438,31.9998,73.53,72,12,2.44,few clouds
547,Sabang,ID,5.8933,95.3214,83.66,75,99,12.08,overcast clouds
548,Chandla,IN,25.0833,80.2,99.36,10,0,3.85,clear sky
549,Budogoshch,RU,59.2816,32.4707,45.9,50,39,8.1,scattered clouds
550,Niamey,NE,13.5137,2.1098,106.09,11,40,4.61,scattered clouds
551,Alta Floresta,BR,-9.8756,-56.0861,78.62,34,0,6.91,clear sky
552,Deniliquin,AU,-35.5333,144.9667,44.22,85,80,6.44,broken clouds
553,Albanel,CA,48.8832,-72.4487,62.74,44,99,9.22,overcast clouds
554,Roswell,US,34.0232,-84.3616,88.99,63,20,9.22,few clouds
555,Grande Prairie,CA,55.1667,-118.8027,48.38,61,75,17.27,broken clouds
556,Jalu,LY,29.0331,21.5482,84.27,23,0,17.22,clear sky
557,Kendari,ID,-3.945,122.4989,75.61,94,85,3.31,overcast clouds
558,Sawtell,AU,-30.3833,153.1,60.82,67,75,12.66,light rain
559,Gemona,IT,46.2794,13.1431,76.62,44,18,3.27,few clouds
560,Ambon,ID,-3.6954,128.1814,77.14,94,40,1.14,scattered clouds
561,Kampene,CD,-3.6,26.6667,75.11,80,88,0.27,overcast clouds
562,Zeerust,ZA,-25.5369,26.0751,61.05,42,87,3.47,overcast clouds
563,Sikeston,US,36.8767,-89.5879,84.16,65,0,6.91,clear sky
564,Vanimo,PG,-2.6741,141.3028,79.47,85,86,3.2,overcast clouds
565,Blaubeuren,DE,48.4122,9.7843,77.88,75,87,10.11,heavy intensity rain
566,Xinpu,CN,34.5997,119.1594,64.26,54,100,4.16,overcast clouds
567,Warnes,BO,-17.5,-63.1667,69.08,34,55,9.22,broken clouds
568,Benghazi,LY,32.1167,20.0667,68.07,77,0,20.49,clear sky
569,Moerai,PF,-22.4333,-151.3333,77.59,76,11,12.01,few clouds
570,Maumere,ID,-8.6199,122.2111,79.41,79,14,4.25,few clouds
571,Douentza,ML,14.9951,-2.9517,104.72,15,54,13.31,broken clouds
572,Ust-Barguzin,RU,53.45,108.9833,44.94,89,45,2.55,scattered clouds
573,Wairoa,NZ,-39.0333,177.3667,56.55,72,3,1.99,clear sky
574,Matagami,CA,49.7502,-77.6328,50.11,87,100,10.36,light rain
575,Guiratinga,BR,-16.3494,-53.7583,72.14,27,77,5.28,broken clouds
576,Neuquen,AR,-38.9516,-68.0591,51.69,54,0,4.61,clear sky
577,Warri,NG,5.5167,5.75,78.96,88,91,4.09,light rain
578,Williston,US,48.147,-103.618,53.82,51,100,5.99,overcast clouds
579,Lasa,IT,46.6166,10.7002,73.69,77,94,2.73,overcast clouds
580,Payo,ID,-3.7508,103.6372,72.81,97,77,2.08,broken clouds
581,Kryve Ozero,UA,47.9524,30.3493,59.49,63,84,8.01,broken clouds
582,Monrovia,LR,6.3005,-10.7969,82.27,76,80,7.85,broken clouds
583,Tiarei,PF,-17.5333,-149.3333,71.62,75,30,9.98,scattered clouds
584,Ust-Omchug,RU,61.15,149.6333,32.11,98,100,3.31,overcast clouds
585,Coruripe,BR,-10.1256,-36.1756,84.74,70,96,14.12,overcast clouds
586,Bonito,BR,-21.1211,-56.4819,67.95,38,48,3.83,scattered clouds
587,Rapid Valley,US,44.0625,-103.1463,56.32,65,75,42.57,broken clouds
588,Lincoln,US,40.8,-96.667,83.89,63,0,20.71,clear sky
589,Acari,PE,-15.4311,-74.6158,79.03,51,92,10.25,overcast clouds
590,Iskateley,RU,67.6803,53.1512,32.4,83,94,4.43,overcast clouds
591,Matay,EG,28.419,30.7792,89.67,12,12,10.33,few clouds
592,Hokitika,NZ,-42.7167,170.9667,52.45,90,100,15.43,moderate rain
593,Kedgwick,CA,47.6446,-67.3434,59.25,40,68,8.37,broken clouds
594,Touros,BR,-5.1989,-35.4608,86.38,62,93,7.49,overcast clouds
595,Kloulklubed,PW,7.0419,134.2556,75.7,80,100,10.02,overcast clouds
596,Kudahuvadhoo,MV,2.6708,72.8944,83.41,79,100,14.07,overcast clouds
597,Bozoum,CF,6.3193,16.3799,75.56,76,86,5.97,light rain
598,Mizan Teferi,ET,6.9833,35.5833,66.2,75,55,1.79,broken clouds
599,Marienburg,PL,54.0359,19.0266,66.02,70,100,8.81,overcast clouds
600,Berdigestyakh,RU,62.0989,126.6992,41.9,87,100,7.29,overcast clouds
601,Labuan,MY,5.2767,115.2417,77.36,94,75,3.44,thunderstorm with heavy rain
602,Pahrump,US,36.2083,-115.9839,90.32,13,6,3.0,clear sky
603,Barranca,PE,-10.75,-77.7667,68.79,78,53,9.37,broken clouds
604,Ust-Karsk,RU,52.7011,118.8077,51.44,94,76,2.98,broken clouds
605,Nyagan,RU,62.1406,65.3936,44.35,77,100,10.63,overcast clouds
606,Presque Isle,US,46.6811,-68.0159,62.02,32,0,9.22,clear sky
607,Christchurch,NZ,-43.5333,172.6333,51.33,63,74,2.3,light rain
608,Las Vegas,US,36.175,-115.1372,92.25,13,0,4.0,clear sky
609,Bam,IR,29.106,58.357,88.88,9,0,10.18,clear sky
610,Santa Rosa,PH,14.3122,121.1114,78.78,92,94,1.39,light rain
611,Plainview,US,40.7765,-73.4673,56.98,84,100,9.22,overcast clouds
612,Tsarychanka,UA,48.937,34.4786,56.48,69,100,7.52,overcast clouds
613,De Aar,ZA,-30.6497,24.0123,56.59,70,87,9.26,moderate rain
614,Puerto Baquerizo Moreno,EC,-0.9,-89.6,79.79,74,40,16.11,scattered clouds
615,Buchanan,LR,5.8808,-10.0467,82.09,78,75,8.77,light rain
616,Kalmunai,LK,7.4167,81.8167,82.74,69,89,11.92,overcast clouds
617,Dampit,ID,-8.2116,112.7493,72.05,97,100,1.03,overcast clouds
618,Marawi,PH,7.9986,124.2928,70.12,92,53,2.71,broken clouds
619,Morehead,US,37.2711,-87.1764,83.95,65,0,10.36,clear sky
620,Aitape,PG,-3.1374,142.3475,78.1,86,55,3.24,moderate rain
621,Hope,US,33.6671,-93.5916,84.97,48,11,13.98,few clouds
622,Bullhead City,US,35.1478,-114.5683,94.95,18,2,4.0,clear sky
623,Harper,LR,4.375,-7.7169,81.97,77,90,9.26,overcast clouds
624,Ilhabela,BR,-23.7781,-45.3581,63.63,71,100,11.77,overcast clouds
625,Samdrup Jongkhar,BT,26.9167,91.6167,65.16,92,61,4.16,broken clouds
626,High Level,CA,58.5169,-117.136,46.51,71,75,13.8,broken clouds
627,Khani,GE,41.9563,42.9566,44.17,99,100,5.82,overcast clouds
628,Stara Zagora,BG,42.4328,25.6419,58.3,66,8,6.17,clear sky
629,Okakarara,NA,-20.5833,17.4333,65.97,29,4,10.07,clear sky
630,Tairua,NZ,-37.0167,175.85,58.44,86,22,8.93,few clouds
631,Taoudenni,ML,22.6783,-3.9836,109.69,5,6,8.84,clear sky
632,Port Keats,AU,-14.25,129.55,75.07,43,1,6.02,clear sky
633,Saryozek,KZ,44.3583,77.9753,60.28,62,67,4.81,broken clouds
634,Whitianga,NZ,-36.8333,175.7,59.2,84,16,9.89,few clouds
635,Idanre,NG,7.1127,5.1159,76.44,93,100,4.16,light rain
636,Kahului,US,20.8947,-156.47,80.83,74,0,6.91,clear sky
637,Pontianak,ID,-0.0333,109.3333,76.98,94,75,3.44,light rain
638,Marsabit,KE,2.3284,37.9899,70.3,53,49,11.83,scattered clouds
639,Gao,ML,16.6362,1.637,104.52,4,1,13.15,clear sky
640,Kaeo,NZ,-35.1,173.7833,57.96,92,37,5.86,scattered clouds
641,Bang Saphan,TH,11.2126,99.5117,78.28,88,100,10.04,light rain
642,Tougue,GN,11.4667,-11.6,98.06,12,90,6.82,overcast clouds
643,Fuxin,CN,42.0156,121.6589,64.38,50,18,4.34,few clouds
644,Christiana,ZA,-27.914,25.1611,62.49,41,83,9.01,broken clouds
645,Ostersund,SE,63.1792,14.6357,63.05,34,0,12.66,clear sky
646,Russell,US,32.3502,-85.1999,85.15,62,20,5.75,few clouds
647,Bara,NG,10.3744,10.7288,90.0,43,100,4.32,overcast clouds
648,Aguilas,ES,37.4063,-1.5829,80.49,44,9,16.44,clear sky
649,Humpolec,CZ,49.5415,15.3593,73.62,62,73,11.21,broken clouds
650,Olafsvik,IS,64.8945,-23.7142,46.8,82,69,12.55,broken clouds
651,Nishihara,JP,26.1842,127.7558,74.48,94,75,14.97,light rain
652,Lagos,NG,6.5833,3.75,83.32,73,86,6.76,overcast clouds
653,Bagdarin,RU,54.4333,113.6,51.44,56,1,7.81,clear sky
654,Prescott,US,34.54,-112.4685,78.66,19,0,8.99,clear sky
655,Cumpas,MX,29.9833,-109.7833,83.91,20,0,6.76,clear sky
656,San Carlos Del Zulia,VE,9.0,-71.9135,88.65,58,100,2.53,overcast clouds
657,San Jeronimo,PE,-11.9472,-75.2829,61.34,46,73,3.0,broken clouds
658,Mackay,AU,-21.15,149.2,73.69,86,48,18.01,scattered clouds
659,Kathmandu,NP,27.7167,85.3167,73.62,78,40,0.0,scattered clouds
660,Peniche,PT,39.3558,-9.3811,77.29,74,87,16.26,overcast clouds
661,Pinega,RU,64.7001,43.3936,39.13,59,55,8.99,broken clouds
662,Arica,CL,-18.475,-70.3042,72.95,59,87,7.76,overcast clouds
663,Mangai,CD,-4.05,19.5333,79.25,70,87,1.92,overcast clouds
664,Zhigansk,RU,66.7697,123.3711,31.08,84,6,4.5,clear sky
665,Loanda,AO,-8.8368,13.2343,80.6,74,0,12.66,clear sky
666,Anadyr,RU,64.75,177.4833,34.3,86,79,6.71,fog
667,Laramie,US,41.3114,-105.5911,63.55,24,0,24.16,clear sky
668,Dolores,AR,-36.3132,-57.6792,58.71,46,5,5.88,clear sky
669,Ukiah,US,39.1502,-123.2078,70.84,45,0,11.5,clear sky
670,Shu,KZ,43.5983,73.7614,67.35,52,63,5.86,broken clouds
671,Pervomayskoye,RU,43.919,46.7102,61.12,78,55,3.67,broken clouds
672,Gravdal,NO,68.1214,13.5031,49.89,53,0,6.91,clear sky
673,Tommot,RU,58.9564,126.2925,42.82,96,100,3.71,light rain
674,Port Hedland,AU,-20.3167,118.5667,71.65,100,0,5.75,clear sky
675,Zhovtneve,UA,50.6637,24.2492,60.69,63,99,3.31,overcast clouds
676,Trairi,BR,-3.2778,-39.2689,84.4,70,68,5.97,broken clouds
677,Broome,US,42.2506,-75.833,63.7,92,100,8.01,overcast clouds
678,Yeppoon,AU,-23.1333,150.7333,71.38,82,99,19.86,overcast clouds
679,Wasilla,US,61.5814,-149.4394,54.36,56,0,3.44,clear sky
680,Moissala,TD,8.3404,17.7663,85.59,49,80,1.52,broken clouds
681,Murray Bridge,AU,-35.1167,139.2667,48.13,78,96,4.25,overcast clouds
682,Avera,US,33.194,-82.5271,89.55,39,16,11.79,few clouds
683,Leh,IN,34.1667,77.5833,52.09,34,98,7.07,overcast clouds
684,Fenoarivo,MG,-18.933,47.4354,59.07,82,40,6.91,scattered clouds
685,Gallup,US,35.5281,-108.7426,74.16,16,0,9.22,clear sky
686,Newberg,US,45.3001,-122.9732,52.02,76,75,5.75,broken clouds
687,Qui Nhon,VN,13.7667,109.2333,78.8,89,100,4.07,overcast clouds
688,Madanapalle,IN,13.55,78.5,72.97,79,100,12.15,overcast clouds
689,Guantanamo,CU,20.1444,-75.2092,85.57,54,100,5.12,overcast clouds
690,Bugalagrande,CO,4.2121,-76.1556,82.35,56,90,1.41,overcast clouds
691,Magistralnyy,RU,56.1725,107.4458,50.72,61,4,3.02,clear sky
692,Maragogi,BR,-9.0122,-35.2225,85.75,69,88,12.57,overcast clouds
693,Labytnangi,RU,66.6572,66.4183,37.27,73,100,18.95,overcast clouds
694,Foki,RU,56.693,54.3499,39.69,91,100,6.22,overcast clouds
695,Kidal,ML,18.4411,1.4078,102.42,5,1,15.08,clear sky
696,Kieta,PG,-6.2167,155.6333,78.67,83,10,2.1,clear sky
697,Sal Rei,CV,16.1833,-22.9167,77.2,69,40,19.57,scattered clouds
698,Mayya,RU,61.7333,130.2811,42.12,93,100,6.49,light rain
699,Menongue,AO,-14.6585,17.691,65.23,44,0,1.45,clear sky
700,Balestrand,NO,61.2076,6.5334,62.98,63,96,4.43,overcast clouds
701,Octeville,FR,49.6261,-1.6435,59.49,72,0,8.05,clear sky
702,Sebinkarahisar,TR,40.2883,38.4236,38.79,88,100,3.58,overcast clouds
703,Beringovskiy,RU,63.05,179.3167,34.72,93,100,1.57,overcast clouds
704,Muromtsevo,RU,56.3724,75.2418,53.6,61,25,15.68,scattered clouds
705,Lorut,AM,40.9372,44.7714,49.14,90,51,1.25,broken clouds
